City_ID,City,Lat,Lng,Max Temp,Humidity,Cloudiness,Wind Speed,Country,Date
0,Butaritari,18.65,-74.1167,81.73,84,77,3.33,HT,2021-07-28 02:13:19
1,Butaritari,18.65,-74.1167,81.73,84,77,3.33,HT,2021-07-28 02:13:19
2,Jeremie,18.65,-74.1167,81.73,84,77,3.33,HT,2021-07-28 02:13:19
3,Jeremie,18.65,-74.1167,81.73,84,77,3.33,HT,2021-07-28 02:13:19
4,Jeremie,18.65,-74.1167,81.73,84,77,3.33,HT,2021-07-28 02:13:19
5,Jeremie,18.65,-74.1167,81.41,85,81,3.24,HT,2021-07-28 02:32:39
6,Busselton,-33.65,115.3333,58.05,68,46,19.93,AU,2021-07-28 02:50:39
7,Iracoubo,5.4802,-53.2011,77.61,87,6,7.65,GF,2021-07-28 02:50:40
8,Kudahuvadhoo,2.6708,72.8944,81.09,77,100,8.81,MV,2021-07-28 02:50:40
9,Albany,42.6001,-73.9662,67.08,93,100,3.0,US,2021-07-28 02:50:14
10,Hambantota,6.1241,81.1185,82.74,83,100,4.61,LK,2021-07-28 02:50:40
11,Hithadhoo,-0.6,73.0833,80.74,78,61,9.01,MV,2021-07-28 02:50:40
12,Cidreira,-30.1811,-50.2056,46.4,59,4,17.81,BR,2021-07-28 02:50:41
13,North Bend,43.4065,-124.2243,64.92,79,1,17.27,US,2021-07-28 02:49:38
14,Tasiilaq,65.6145,-37.6368,36.27,79,22,7.31,GL,2021-07-28 02:50:41
15,Conneaut,41.9476,-80.5542,72.7,84,0,4.72,US,2021-07-28 02:50:41
16,Cape Town,-33.9258,18.4232,52.12,87,20,3.44,ZA,2021-07-28 02:50:41
17,Punta Arenas,-53.15,-70.9167,44.71,81,75,20.71,CL,2021-07-28 02:45:47
18,Bar-Le-Duc,48.75,5.1667,59.81,95,93,11.43,FR,2021-07-28 02:50:42
19,Acari,-15.4311,-74.6158,63.61,77,54,4.09,PE,2021-07-28 02:50:42
20,Hilo,19.7297,-155.09,80.33,83,90,11.5,US,2021-07-28 02:50:42
21,Kisangani,0.5167,25.2,74.05,78,100,2.19,CD,2021-07-28 02:50:43
22,Ponta Do Sol,32.6667,-17.1,70.72,78,3,3.98,PT,2021-07-28 02:50:43
23,Hovd,48.0056,91.6419,74.91,30,0,3.65,MN,2021-07-28 02:50:43
24,Fairbanks,64.8378,-147.7164,61.09,89,90,4.61,US,2021-07-28 02:50:04
25,Nuevitas,21.5453,-77.2644,81.84,87,65,6.53,CU,2021-07-28 02:50:43
26,Juneau,58.3019,-134.4197,62.6,84,75,6.91,US,2021-07-28 02:50:43
27,Zeya,53.75,127.2667,70.32,93,90,3.78,RU,2021-07-28 02:50:44
28,Cherskiy,68.75,161.3,38.23,75,100,18.63,RU,2021-07-28 02:50:44
29,Ushuaia,-54.8,-68.3,38.86,93,90,4.61,AR,2021-07-28 02:45:46
30,Pangnirtung,66.1451,-65.7125,49.48,74,100,1.9,CA,2021-07-28 02:50:44
31,Bintulu,3.1667,113.0333,88.21,74,20,3.0,MY,2021-07-28 02:50:44
32,Portland,45.5234,-122.6762,86.04,42,40,3.0,US,2021-07-28 02:49:01
33,Ahipara,-35.1667,173.1667,59.94,78,64,8.28,NZ,2021-07-28 02:50:45
34,Manavalakurichi,8.1333,77.3,80.69,80,100,14.83,IN,2021-07-28 02:50:45
35,Kapaa,22.0752,-159.319,84.52,75,75,3.0,US,2021-07-28 02:50:45
36,Puerto Ayora,-0.7393,-90.3518,71.38,84,20,8.84,EC,2021-07-28 02:50:45
37,Khatanga,71.9667,102.5,85.77,39,8,18.66,RU,2021-07-28 02:50:46
38,Trairi,-3.2778,-39.2689,76.91,86,9,9.37,BR,2021-07-28 02:50:29
39,Mataura,-46.1927,168.8643,52.48,79,79,1.45,NZ,2021-07-28 02:50:46
40,Bluff,-46.6,168.3333,52.81,70,32,6.6,NZ,2021-07-28 02:50:46
41,Hermanus,-34.4187,19.2345,51.91,66,99,12.21,ZA,2021-07-28 02:45:47
42,Boca Do Acre,-8.7522,-67.3978,76.1,64,8,2.26,BR,2021-07-28 02:50:47
43,Bethel,41.3712,-73.414,75.94,86,90,1.01,US,2021-07-28 02:50:47
44,Mount Gambier,-37.8333,140.7667,46.31,87,75,29.93,AU,2021-07-28 02:50:47
45,Victor Harbor,-35.5667,138.6167,58.46,67,8,1.01,AU,2021-07-28 02:50:47
46,Zaraza,9.3503,-65.3245,73.24,97,80,4.94,VE,2021-07-28 02:50:47
47,Quelimane,-17.8786,36.8883,64.35,93,75,1.99,MZ,2021-07-28 02:50:48
48,Coquimbo,-29.9533,-71.3436,49.73,93,0,4.61,CL,2021-07-28 02:50:48
49,Ayagoz,47.9714,80.4392,66.33,37,0,13.11,KZ,2021-07-28 02:50:48
50,Georgetown,5.4112,100.3354,87.73,74,20,3.0,MY,2021-07-28 02:50:48
51,Moerai,-22.4333,-151.3333,74.16,70,87,11.81,PF,2021-07-28 02:50:49
52,Darhan,49.4867,105.9228,70.07,65,66,5.44,MN,2021-07-28 02:50:49
53,Chokurdakh,70.6333,147.9167,50.61,44,55,13.98,RU,2021-07-28 02:50:49
54,Nikolskoye,59.7035,30.7861,67.8,68,100,4.79,RU,2021-07-28 02:50:49
55,Mahebourg,-20.4081,57.7,67.24,94,75,16.11,MU,2021-07-28 02:50:50
56,Port Alfred,-33.5906,26.891,60.28,83,11,14.32,ZA,2021-07-28 02:50:50
57,Hokitika,-42.7167,170.9667,53.08,86,100,5.03,NZ,2021-07-28 02:50:50
58,Ketchikan,55.3422,-131.6461,63.07,72,90,4.61,US,2021-07-28 02:50:50
59,Adrar,20.5022,-10.0711,85.05,36,100,12.01,MR,2021-07-28 02:50:51
60,Shimoda,34.6667,138.95,86.36,71,94,11.95,JP,2021-07-28 02:50:51
61,Parana,-31.732,-60.5238,45.57,52,98,10.89,AR,2021-07-28 02:50:51
62,Quzhou,28.9594,118.8686,88.63,71,45,7.96,CN,2021-07-28 02:50:51
63,Fortuna,40.5982,-124.1573,74.43,92,90,4.61,US,2021-07-28 02:50:52
64,Rudnogorsk,57.2639,103.7519,85.64,31,0,1.54,RU,2021-07-28 02:50:52
65,Lubango,-14.9172,13.4925,51.75,43,8,3.53,AO,2021-07-28 02:50:52
66,Lebu,-37.6167,-73.65,45.07,81,0,19.69,CL,2021-07-28 02:48:19
67,Tres Arroyos,-38.3739,-60.2798,41.81,76,98,13.94,AR,2021-07-28 02:48:11
68,Talnakh,69.4865,88.3972,61.65,86,96,4.45,RU,2021-07-28 02:50:52
69,Eydhafushi,5.1033,73.0708,82.56,75,99,13.67,MV,2021-07-28 02:50:53
70,Havelock,34.8791,-76.9013,82.94,91,69,5.79,US,2021-07-28 02:46:50
71,Sao Filipe,14.8961,-24.4956,73.83,82,9,8.72,CV,2021-07-28 02:50:53
72,Harper,4.375,-7.7169,76.17,75,100,7.43,LR,2021-07-28 02:50:53
73,Warrnambool,-38.3833,142.4833,49.8,77,100,27.85,AU,2021-07-28 02:50:53
74,Sinnamary,5.3833,-52.95,77.49,87,6,7.2,GF,2021-07-28 02:50:54
75,Inuvik,68.3499,-133.7218,63.46,85,75,2.3,CA,2021-07-28 02:50:54
76,Victoria,22.2855,114.1577,93.96,73,99,4.0,HK,2021-07-28 02:47:05
77,San Luis,-33.295,-66.3356,37.09,46,3,6.82,AR,2021-07-28 02:50:54
78,Puerto Escondido,15.85,-97.0667,80.22,85,41,5.12,MX,2021-07-28 02:50:54
79,Kavieng,-2.5744,150.7967,84.09,73,13,7.09,PG,2021-07-28 02:50:55
80,Butaritari,3.0707,172.7902,81.66,72,100,4.5,KI,2021-07-28 02:50:55
81,Kapenguria,1.2511,35.0895,54.75,91,100,2.28,KE,2021-07-28 02:50:55
82,Vaini,-21.2,-175.2,69.96,83,75,8.05,TO,2021-07-28 02:50:55
83,Gushikawa,26.3544,127.8686,87.39,78,75,12.66,JP,2021-07-28 02:50:56
84,Goulburn,-34.75,149.7167,59.59,68,33,25.9,AU,2021-07-28 02:50:56
85,Matara,5.9485,80.5353,81.45,84,95,11.25,LK,2021-07-28 02:50:56
86,Saskylakh,71.9167,114.0833,66.76,38,16,19.46,RU,2021-07-28 02:50:56
87,Kodiak,57.79,-152.4072,62.11,55,90,4.61,US,2021-07-28 02:50:57
88,Fort Nelson,58.8053,-122.7002,63.99,63,75,6.91,CA,2021-07-28 02:50:57
89,Dauphin,51.1494,-100.0502,73.54,78,1,5.75,CA,2021-07-28 02:48:22
90,Ferme-Neuve,46.7001,-75.4493,53.38,64,26,4.38,CA,2021-07-28 02:50:57
91,Wismar,53.9,11.4667,63.05,94,100,1.99,DE,2021-07-28 02:50:57
92,Dikson,73.5069,80.5464,37.31,99,100,12.08,RU,2021-07-28 02:50:58
93,Warrington,53.3925,-2.5802,61.02,94,75,5.01,GB,2021-07-28 02:50:58
94,Awbari,26.5921,12.7805,80.26,25,0,8.14,LY,2021-07-28 02:50:58
95,Savannah Bight,16.45,-85.85,81.0,78,98,24.61,HN,2021-07-28 02:50:58
96,Kondinskoye,59.6481,67.41,53.6,62,69,5.12,RU,2021-07-28 02:50:59
97,Muisne,0.6,-80.0333,75.47,86,100,6.06,EC,2021-07-28 02:50:59
98,Tukrah,32.5341,20.5791,75.16,77,0,9.44,LY,2021-07-28 02:50:59
99,Dongying,37.4564,118.4856,88.66,47,100,11.95,CN,2021-07-28 02:50:59
100,Yarim,14.298,44.3779,58.91,74,49,2.8,YE,2021-07-28 02:51:00
101,Pisco,-13.7,-76.2167,62.65,82,0,14.97,PE,2021-07-28 02:51:00
102,Kruisfontein,-34.0033,24.7314,52.88,86,26,12.77,ZA,2021-07-28 02:51:00
103,Pacific Grove,36.6177,-121.9166,74.8,84,20,1.01,US,2021-07-28 02:51:00
104,Saint-Philippe,-21.3585,55.7679,67.59,88,89,12.86,RE,2021-07-28 02:51:00
105,Ribeira Grande,38.5167,-28.7,72.01,85,55,8.61,PT,2021-07-28 02:51:01
106,Ust-Koksa,50.2696,85.6108,57.33,86,95,2.89,RU,2021-07-28 02:51:01
107,Kenora,49.8167,-94.4337,74.37,43,20,4.61,CA,2021-07-28 02:47:27
108,Bafra,41.5678,35.9069,75.81,84,32,10.92,TR,2021-07-28 02:51:01
109,Raudeberg,61.9875,5.1352,61.47,96,100,6.35,NO,2021-07-28 02:51:01
110,Kieta,-6.2167,155.6333,84.24,69,99,4.45,PG,2021-07-28 02:51:02
111,Chuy,-33.6971,-53.4616,43.18,73,49,16.15,UY,2021-07-28 02:51:02
112,Souillac,-20.5167,57.5167,67.35,94,75,16.11,MU,2021-07-28 02:51:02
113,Stevens Point,44.5236,-89.5746,77.95,93,1,0.0,US,2021-07-28 02:51:02
114,Cabo San Lucas,22.8909,-109.9124,86.81,74,7,8.01,MX,2021-07-28 02:51:03
115,Boa Vista,2.8197,-60.6733,78.78,89,90,4.61,BR,2021-07-28 02:51:03
116,Kiunga,-6.1219,141.2906,76.95,90,100,2.01,PG,2021-07-28 02:51:03
117,Avarua,-21.2078,-159.775,77.05,65,21,4.61,CK,2021-07-28 02:51:03
118,Turukhansk,65.8167,87.9833,53.24,91,100,6.93,RU,2021-07-28 02:51:04
119,Qaanaaq,77.484,-69.3632,42.28,91,98,5.75,GL,2021-07-28 02:51:04
120,Coronel Fabriciano,-19.5186,-42.6289,60.84,94,0,0.0,BR,2021-07-28 02:51:04
121,New Norfolk,-42.7826,147.0587,56.91,64,53,4.0,AU,2021-07-28 02:51:04
122,Suhbaatar,50.2314,106.2078,75.6,50,14,0.74,MN,2021-07-28 02:51:05
123,Geraldton,-28.7667,114.6,67.12,68,90,6.91,AU,2021-07-28 02:51:05
124,Haines Junction,60.7522,-137.5108,64.35,52,45,10.36,CA,2021-07-28 02:51:05
125,Kajaani,64.2273,27.7285,51.85,93,0,2.3,FI,2021-07-28 02:51:05
126,Canutama,-6.5339,-64.3831,77.45,52,3,2.59,BR,2021-07-28 02:51:06
127,Concepcion,-36.827,-73.0498,48.0,61,0,12.66,CL,2021-07-28 02:51:06
128,Morros,-9.4467,-46.3003,70.3,43,1,2.68,BR,2021-07-28 02:51:06
129,Bokoro,12.3807,17.0568,73.72,93,100,7.27,TD,2021-07-28 02:51:06
130,Lixourion,38.2019,20.4314,79.07,59,0,5.91,GR,2021-07-28 02:51:07
131,Severo-Kurilsk,50.6789,156.125,59.94,88,100,6.98,RU,2021-07-28 02:51:07
132,Ulaangom,49.9811,92.0667,71.69,46,1,8.7,MN,2021-07-28 02:51:07
133,Coahuayana,18.7333,-103.6833,78.55,92,100,1.48,MX,2021-07-28 02:51:07
134,Hobart,-42.8794,147.3294,57.25,58,75,8.01,AU,2021-07-28 02:51:08
135,Kalmunai,7.4167,81.8167,85.19,62,100,2.39,LK,2021-07-28 02:51:08
136,Inirida,3.8653,-67.9239,72.73,99,100,2.93,CO,2021-07-28 02:51:08
137,Rikitea,-23.1203,-134.9692,74.21,79,100,15.3,PF,2021-07-28 02:50:09
138,Ridgecrest,35.6225,-117.6709,100.26,20,75,5.01,US,2021-07-28 02:51:08
139,Khorixas,-20.3667,14.9667,56.35,31,0,8.14,NA,2021-07-28 02:51:08
140,Longyearbyen,78.2186,15.6401,42.49,98,100,0.78,SJ,2021-07-28 02:51:09
141,Ancud,-41.8697,-73.8203,42.33,86,71,3.51,CL,2021-07-28 02:51:09
142,Codrington,-38.2667,141.9667,50.61,81,94,23.96,AU,2021-07-28 02:51:09
143,Kahului,20.8947,-156.47,85.26,77,40,23.02,US,2021-07-28 02:50:09
144,Norman Wells,65.282,-126.8329,66.24,59,75,12.66,CA,2021-07-28 02:51:09
145,Recas,45.7989,21.5008,73.42,83,0,8.05,RO,2021-07-28 02:51:10
146,Baoma,31.4859,106.1128,84.6,65,6,3.44,CN,2021-07-28 02:51:10
147,Jamestown,42.097,-79.2353,69.12,82,1,3.8,US,2021-07-28 02:48:02
148,Chimbote,-9.0853,-78.5783,65.26,87,80,9.19,PE,2021-07-28 02:51:10
149,Cockburn Town,21.4612,-71.1419,81.61,78,16,18.81,TC,2021-07-28 02:51:10
150,Storforshei,66.4043,14.5233,66.6,64,27,3.8,NO,2021-07-28 02:51:11
151,Arica,-18.475,-70.3042,59.23,82,90,5.75,CL,2021-07-28 02:51:11
152,Luau,-10.7073,22.2247,53.28,45,99,3.56,AO,2021-07-28 02:51:11
153,Edea,3.8,10.1333,74.98,98,99,0.89,CM,2021-07-28 02:51:11
154,Aklavik,68.2191,-135.0107,63.43,66,99,5.53,CA,2021-07-28 02:51:12
155,Upernavik,72.7868,-56.1549,49.1,75,98,8.81,GL,2021-07-28 02:51:12
156,Port Blair,11.6667,92.75,83.05,82,100,19.69,IN,2021-07-28 02:51:12
157,Jalu,29.0331,21.5482,79.41,44,0,5.44,LY,2021-07-28 02:51:12
158,Wuwei,37.9281,102.6414,85.48,16,2,5.77,CN,2021-07-28 02:51:13
159,Port Elizabeth,-33.918,25.5701,57.49,82,0,16.11,ZA,2021-07-28 02:51:13
160,Kasiri,8.9412,-13.1148,74.91,94,100,4.99,SL,2021-07-28 02:51:13
161,Hohhot,40.8106,111.6522,71.89,64,40,6.71,CN,2021-07-28 02:51:13
162,Atuona,-9.8,-139.0333,77.83,71,1,17.92,PF,2021-07-28 02:51:14
163,Torbay,47.6666,-52.7314,66.97,95,90,10.36,CA,2021-07-28 02:51:14
164,Meulaboh,4.1363,96.1285,82.92,73,53,1.1,ID,2021-07-28 02:51:14
165,Pontian Kecil,1.4801,103.3899,87.98,71,51,11.01,MY,2021-07-28 02:51:14
166,Mackay,-21.15,149.2,79.68,68,80,9.22,AU,2021-07-28 02:51:14
167,Nueve De Julio,-35.4444,-60.8831,41.72,57,45,13.29,AR,2021-07-28 02:51:15
168,Bredasdorp,-34.5322,20.0403,52.92,66,100,8.05,ZA,2021-07-28 02:51:15
169,Nantucket,41.2835,-70.0995,73.54,85,18,13.67,US,2021-07-28 02:51:15
170,Lewistown,40.5992,-77.5714,76.78,72,55,3.11,US,2021-07-28 02:48:17
171,Braco Do Norte,-28.275,-49.1656,48.25,93,17,2.13,BR,2021-07-28 02:51:15
172,Barrow,71.2906,-156.7887,42.82,91,90,18.41,US,2021-07-28 02:51:16
173,Asfi,32.2994,-9.2372,70.36,90,86,12.75,MA,2021-07-28 02:51:16
174,Neuenburg,46.9918,6.931,66.78,88,75,3.44,CH,2021-07-28 02:51:16
175,Berlevag,70.8578,29.0864,46.62,87,98,6.17,NO,2021-07-28 02:51:16
176,Tiksi,71.6872,128.8694,41.74,80,15,14.43,RU,2021-07-28 02:51:17
177,Plettenberg Bay,-34.0527,23.3716,55.78,83,100,10.13,ZA,2021-07-28 02:51:17
178,Banda Aceh,5.5577,95.3222,85.78,66,75,12.66,ID,2021-07-28 02:46:22
179,Mar Del Plata,-38.0023,-57.5575,46.13,65,90,11.99,AR,2021-07-28 02:49:11
180,Waddan,29.1614,16.139,74.64,58,0,2.37,LY,2021-07-28 02:51:17
181,Yinchuan,38.4681,106.2731,82.18,36,1,5.68,CN,2021-07-28 02:51:17
182,Esperance,-33.8667,121.9,55.24,52,3,18.57,AU,2021-07-28 02:51:18
183,Beloha,-25.1667,45.05,62.01,77,0,11.7,MG,2021-07-28 02:51:18
184,Hamilton,39.1834,-84.5333,77.22,81,1,0.0,US,2021-07-28 02:48:05
185,El Colomo,19.05,-104.25,80.58,83,57,0.54,MX,2021-07-28 02:51:18
186,Faanui,-16.4833,-151.75,77.81,75,63,8.3,PF,2021-07-28 02:51:18
187,Lasa,46.6166,10.7002,61.54,94,66,2.8,IT,2021-07-28 02:51:19
188,Wagar,16.1525,36.2032,77.27,79,53,14.27,SD,2021-07-28 02:51:19
189,Nome,64.5011,-165.4064,50.16,93,90,14.97,US,2021-07-28 02:51:01
190,Faya,18.3851,42.4509,64.51,84,75,5.82,SA,2021-07-28 02:51:19
191,Zhangye,38.9342,100.4517,84.99,17,12,1.25,CN,2021-07-28 02:51:19
192,Broome,42.2506,-75.833,67.55,97,90,1.01,US,2021-07-28 02:51:20
193,Sambava,-14.2667,50.1667,65.84,84,4,10.16,MG,2021-07-28 02:51:20
194,Nueva Rosita,27.95,-101.2167,88.21,22,100,8.81,MX,2021-07-28 02:51:20
195,Bengkulu,-3.8004,102.2655,82.89,63,66,4.32,ID,2021-07-28 02:51:21
196,Nampula,-15.1165,39.2666,55.09,97,3,4.27,MZ,2021-07-28 02:51:21
197,Ilulissat,69.2167,-51.1,46.26,80,100,7.99,GL,2021-07-28 02:51:21
198,Asau,46.4333,26.4,72.39,69,12,6.04,RO,2021-07-28 02:51:21
199,Port Hardy,50.6996,-127.4199,64.58,68,40,10.36,CA,2021-07-28 02:51:21
200,Katobu,-4.9408,122.5276,84.07,69,74,6.76,ID,2021-07-28 02:51:22
201,Dodge City,37.7528,-100.0171,87.31,59,1,5.01,US,2021-07-28 02:51:22
202,Sur,22.5667,59.5289,98.01,39,100,23.82,OM,2021-07-28 02:51:22
203,Klaksvik,62.2266,-6.589,50.92,96,99,4.61,FO,2021-07-28 02:51:22
204,Ganzhou,28.8184,115.4327,91.6,56,19,3.6,CN,2021-07-28 02:51:23
205,Te Anau,-45.4167,167.7167,52.32,70,93,3.0,NZ,2021-07-28 02:51:23
206,Vryburg,-26.9566,24.7284,39.61,54,0,8.14,ZA,2021-07-28 02:51:23
207,Ambikapur,23.1167,83.2,72.19,95,100,6.73,IN,2021-07-28 02:51:23
208,Luganville,-15.5333,167.1667,78.85,80,83,13.87,VU,2021-07-28 02:51:24
209,Sitka,57.0531,-135.33,60.69,77,75,4.61,US,2021-07-28 02:51:24
210,Tabou,4.423,-7.3528,76.32,75,100,7.45,CI,2021-07-28 02:51:24
211,San Cristobal,7.7669,-72.225,73.58,95,60,1.5,VE,2021-07-28 02:51:24
212,Akdagmadeni,39.6603,35.8836,54.19,93,35,5.68,TR,2021-07-28 02:51:25
213,Ngunguru,-35.6167,174.5,65.16,68,83,7.74,NZ,2021-07-28 02:51:25
214,Tamiahua,21.2667,-97.45,79.77,82,73,5.46,MX,2021-07-28 02:51:25
215,Sola,-13.8833,167.55,78.91,80,39,21.79,VU,2021-07-28 02:51:25
216,Tuktoyaktuk,69.4541,-133.0374,53.6,71,75,5.75,CA,2021-07-28 02:51:25
217,Peniche,39.3558,-9.3811,66.72,90,0,18.81,PT,2021-07-28 02:51:26
218,Lompoc,34.6391,-120.4579,71.74,81,90,12.66,US,2021-07-28 02:51:26
219,Khash,28.2211,61.2158,84.76,18,81,4.74,IR,2021-07-28 02:51:26
220,Lavrentiya,65.5833,-171.0,44.1,99,100,10.11,RU,2021-07-28 02:51:26
221,Oranzherei,45.8476,47.5663,67.96,54,100,10.56,RU,2021-07-28 02:51:27
222,Husavik,66.0449,-17.3389,49.91,98,100,9.98,IS,2021-07-28 02:51:27
223,Bambous Virieux,-20.3428,57.7575,67.21,94,75,16.11,MU,2021-07-28 02:51:27
224,East London,-33.0153,27.9116,63.9,80,0,12.73,ZA,2021-07-28 02:47:20
225,Ulladulla,-35.35,150.4667,73.87,40,69,15.08,AU,2021-07-28 02:51:27
226,Dunwoody,33.9462,-84.3346,76.68,89,1,0.0,US,2021-07-28 02:48:05
227,Nhulunbuy,-12.2333,136.7667,81.21,69,75,12.66,AU,2021-07-28 02:51:28
228,Biratnagar,26.4831,87.2834,85.28,77,78,13.69,NP,2021-07-28 02:51:28
229,Meghri,38.9029,46.2446,71.96,66,19,7.29,AM,2021-07-28 02:51:28
230,Jumla,29.2747,82.1838,67.46,88,100,1.36,NP,2021-07-28 02:51:28
231,Leningradskiy,69.3833,178.4167,33.73,98,100,9.98,RU,2021-07-28 02:51:29
232,Punakha,27.5837,89.8598,80.92,79,78,1.25,BT,2021-07-28 02:51:29
233,Namatanai,-3.6667,152.4333,84.83,67,25,4.99,PG,2021-07-28 02:51:29
234,Mul,20.0667,79.6667,77.85,82,100,9.69,IN,2021-07-28 02:51:29
235,Arraial Do Cabo,-22.9661,-42.0278,70.21,84,0,19.93,BR,2021-07-28 02:51:30
236,Mareeba,-17.0,145.4333,78.44,60,0,4.88,AU,2021-07-28 02:51:30
237,Camalu,30.85,-116.0667,76.42,75,15,7.7,MX,2021-07-28 02:51:30
238,Cabedelo,-6.9811,-34.8339,75.87,85,18,9.73,BR,2021-07-28 02:51:30
239,Bardiyah,31.7561,25.0865,77.27,66,0,8.19,LY,2021-07-28 02:51:31
240,Flinders,-34.5833,150.8552,74.05,46,65,1.99,AU,2021-07-28 02:51:31
241,Pyinmana,19.7333,96.2167,76.96,95,100,6.98,MM,2021-07-28 02:51:31
242,Namibe,-15.1961,12.1522,64.45,83,0,5.68,AO,2021-07-28 02:51:31
243,Mercedes,-34.6515,-59.4307,45.86,59,62,12.64,AR,2021-07-28 02:51:31
244,Chardara,41.2547,67.9692,79.47,27,0,16.04,KZ,2021-07-28 02:51:32
245,Yar-Sale,66.8333,70.8333,50.65,63,100,12.37,RU,2021-07-28 02:51:32
246,Churapcha,62.0025,132.4325,74.01,30,12,12.48,RU,2021-07-28 02:51:32
247,Quatre Cocos,-20.2078,57.7625,67.08,90,99,18.34,MU,2021-07-28 02:51:32
248,Burnie,-41.0667,145.9167,55.92,80,97,20.22,AU,2021-07-28 02:51:33
249,Nelson Bay,-32.7167,152.15,78.76,47,84,1.99,AU,2021-07-28 02:51:33
250,Hofn,64.2539,-15.2082,53.82,83,100,6.31,IS,2021-07-28 02:51:33
251,Del Rio,29.3627,-100.8968,95.11,30,1,9.22,US,2021-07-28 02:51:33
252,Pevek,69.7008,170.3133,38.44,86,97,9.69,RU,2021-07-28 02:51:34
253,Tudela,42.0617,-1.6045,67.1,70,64,12.75,ES,2021-07-28 02:51:34
254,Ahuimanu,21.4447,-157.8378,83.91,65,75,13.8,US,2021-07-28 02:51:34
255,Eston,51.1501,-108.7514,78.69,39,100,8.7,CA,2021-07-28 02:51:34
256,Klembivka,48.3904,28.4109,64.53,93,20,3.91,UA,2021-07-28 02:51:35
257,Colac,-38.3333,143.5833,51.15,84,100,19.22,AU,2021-07-28 02:51:35
258,Tiarei,-17.5333,-149.3333,78.82,69,62,7.52,PF,2021-07-28 02:51:35
259,Sarakhs,36.5449,61.1577,73.54,33,0,0.0,IR,2021-07-28 02:51:35
260,Preobrazheniye,42.9019,133.9064,81.52,67,7,6.71,RU,2021-07-28 02:51:36
261,Prince Rupert,54.3161,-130.3201,60.89,82,40,4.61,CA,2021-07-28 02:51:36
262,Ejido,8.5514,-71.2375,65.17,90,25,4.38,VE,2021-07-28 02:51:36
263,Omsukchan,62.5333,155.8,46.15,68,100,8.21,RU,2021-07-28 02:51:36
264,Teahupoo,-17.8333,-149.2667,73.36,71,78,6.11,PF,2021-07-28 02:51:36
265,Castro,-24.7911,-50.0119,46.02,91,100,7.02,BR,2021-07-28 02:51:37
266,Nanortalik,60.1432,-45.2371,43.97,84,100,3.96,GL,2021-07-28 02:51:37
267,Krasnovishersk,60.4078,57.082,44.1,96,81,5.79,RU,2021-07-28 02:51:37
268,Lahaina,20.8783,-156.6825,85.24,90,100,9.91,US,2021-07-28 02:51:37
269,Yumen,40.2833,97.2,85.23,15,0,6.89,CN,2021-07-28 02:51:38
270,Chelno-Vershiny,54.4333,51.1,57.83,65,32,7.29,RU,2021-07-28 02:51:38
271,Macomb,40.4592,-90.6718,79.47,94,1,0.0,US,2021-07-28 02:51:38
272,Sinyavskoye,47.277,39.2789,63.32,69,0,6.38,RU,2021-07-28 02:51:38
273,Barrie,44.4001,-79.6663,65.71,87,4,4.61,CA,2021-07-28 02:48:41
274,Khanewal,30.3,71.9333,85.82,52,100,15.39,PK,2021-07-28 02:51:39
275,Huarmey,-10.0681,-78.1522,65.46,86,38,10.74,PE,2021-07-28 02:51:39
276,Nemuro,43.3236,145.575,86.43,88,24,10.13,JP,2021-07-28 02:51:39
277,Pula,44.8683,13.8481,72.46,94,0,4.61,HR,2021-07-28 02:51:39
278,Whitehorse,60.7161,-135.0538,62.02,63,40,11.01,CA,2021-07-28 02:51:40
279,Bundaberg,-24.85,152.35,75.49,46,40,14.97,AU,2021-07-28 02:51:40
280,Provideniya,64.3833,-173.3,50.11,81,90,22.37,RU,2021-07-28 02:51:40
281,Sao Joao Da Barra,-21.6403,-41.0511,69.67,80,1,13.44,BR,2021-07-28 02:51:40
282,Yerbogachen,61.2767,108.0108,84.6,37,3,10.74,RU,2021-07-28 02:51:41
283,San Quintin,30.4833,-115.95,69.66,84,1,12.03,MX,2021-07-28 02:51:41
284,Saint-Pierre,-21.3393,55.4781,67.68,85,90,19.57,RE,2021-07-28 02:51:41
285,Presidente Medici,-11.1753,-61.9014,81.37,46,96,7.27,BR,2021-07-28 02:51:41
286,Henties Bay,-22.116,14.2845,55.85,82,0,5.37,NA,2021-07-28 02:51:42
287,Luderitz,-26.6481,15.1594,54.54,72,0,9.17,NA,2021-07-28 02:51:42
288,Lagoa,39.05,-27.9833,69.8,91,90,7.43,PT,2021-07-28 02:51:42
289,Lata,40.1629,-8.3327,62.92,98,28,2.28,PT,2021-07-28 02:51:42
290,Richards Bay,-28.783,32.0377,58.82,70,0,12.5,ZA,2021-07-28 02:51:43
291,Cuijk,51.7167,5.8667,62.37,95,58,1.01,NL,2021-07-28 02:51:43
292,Airai,-8.9266,125.4092,76.06,34,89,4.88,TL,2021-07-28 02:51:43
293,Ballina,-28.8667,153.5667,74.79,46,16,11.5,AU,2021-07-28 02:50:20
294,Auki,-8.7676,160.7034,85.82,60,92,3.67,SB,2021-07-28 02:51:43
295,Ewa Beach,21.3156,-158.0072,84.15,60,75,19.57,US,2021-07-28 02:51:44
296,Winona,43.9666,-91.7668,81.68,85,90,6.91,US,2021-07-28 02:51:44
297,Hasaki,35.7333,140.8333,91.29,79,100,21.63,JP,2021-07-28 02:51:44
298,Manokwari,-0.8667,134.0833,84.56,70,93,6.91,ID,2021-07-28 02:49:17
299,Harlingen,26.1906,-97.6961,86.32,87,1,5.75,US,2021-07-28 02:49:08
300,Buala,-8.145,159.5921,83.64,73,93,9.31,SB,2021-07-28 02:51:44
301,Camocim,-2.9022,-40.8411,77.14,81,95,10.76,BR,2021-07-28 02:51:45
302,Catemaco,18.4167,-95.1167,71.91,88,29,3.47,MX,2021-07-28 02:51:45
303,Kyra,49.5776,111.9753,70.32,62,1,3.69,RU,2021-07-28 02:51:45
304,Mount Isa,-20.7333,139.5,85.77,23,8,11.5,AU,2021-07-28 02:51:45
305,Cam Ranh,11.9214,109.1591,93.16,52,40,9.22,VN,2021-07-28 02:51:45
306,Troitskoye,52.9821,84.6757,64.74,58,37,0.85,RU,2021-07-28 02:51:46
307,Dossor,47.5272,52.9811,77.61,25,100,9.17,KZ,2021-07-28 02:51:46
308,Ternovka,51.678,41.6375,64.9,74,15,4.92,RU,2021-07-28 02:51:46
309,Yellowknife,62.456,-114.3525,61.32,48,75,9.22,CA,2021-07-28 02:51:46
310,Smithers,54.7804,-127.1743,64.72,55,20,3.44,CA,2021-07-28 02:51:47
311,Rocha,-34.4833,-54.3333,45.34,80,99,16.75,UY,2021-07-28 02:51:47
312,Ostrovnoy,68.0531,39.5131,48.52,89,100,10.25,RU,2021-07-28 02:51:47
313,Bela,25.9333,81.9833,82.26,85,100,12.88,IN,2021-07-28 02:51:47
314,Sayyan,15.1718,44.3244,63.16,70,37,3.51,YE,2021-07-28 02:51:48
315,Port-Gentil,-0.7193,8.7815,75.25,80,33,9.73,GA,2021-07-28 02:51:48
316,Moranbah,-22.0016,148.0466,77.22,34,4,4.47,AU,2021-07-28 02:51:48
317,Roskovec,40.7375,19.7022,78.3,39,0,4.09,AL,2021-07-28 02:51:48
318,Bahir Dar,11.5936,37.3908,59.41,96,100,2.68,ET,2021-07-28 02:51:49
319,Chenzhou,25.8,113.0333,90.45,58,8,4.92,CN,2021-07-28 02:51:49
320,Arrifes,37.7667,-25.7,66.45,83,40,10.36,PT,2021-07-28 02:51:49
321,Vila Franca Do Campo,37.7167,-25.4333,68.41,89,11,7.43,PT,2021-07-28 02:51:49
322,Noratus,40.3755,45.1772,58.57,90,92,5.73,AM,2021-07-28 02:51:49
323,Bogorodskoye,56.55,37.8833,63.12,71,95,4.16,RU,2021-07-28 02:51:50
324,Gizo,-8.103,156.8419,83.68,71,92,6.69,SB,2021-07-28 02:51:50
325,Phalodi,27.1333,72.3667,83.41,72,100,20.54,IN,2021-07-28 02:51:50
326,Biak,-0.9131,122.8766,82.89,68,77,6.87,ID,2021-07-28 02:51:50
327,Wabag,-5.4781,143.7021,63.03,91,73,2.8,PG,2021-07-28 02:51:51
328,Koslan,63.4564,48.8989,46.65,79,100,7.54,RU,2021-07-28 02:51:51
329,Iskateley,67.6803,53.1512,44.6,87,100,10.38,RU,2021-07-28 02:51:51
330,Sioux Lookout,50.1001,-91.917,73.78,68,90,0.0,CA,2021-07-28 02:51:51
331,Baker City,44.7749,-117.8344,82.92,40,1,14.97,US,2021-07-28 02:51:52
332,Colon,9.3592,-79.9014,81.01,88,64,1.01,PA,2021-07-28 02:51:52
333,De Aar,-30.6497,24.0123,41.79,54,6,6.08,ZA,2021-07-28 02:51:52
334,Carbonia,39.1672,8.5222,77.65,66,1,6.91,IT,2021-07-28 02:51:52
335,Granada,37.25,-3.25,68.29,58,0,3.4,ES,2021-07-28 02:51:53
336,Iqaluit,63.7506,-68.5145,44.33,75,40,8.99,CA,2021-07-28 02:51:53
337,Saint George,37.1041,-113.5841,93.63,28,1,1.01,US,2021-07-28 02:51:53
338,Baghdad,33.3406,44.4009,91.31,22,0,13.8,IQ,2021-07-28 02:51:53
339,Korsakovo,53.2677,37.3569,65.84,73,100,5.73,RU,2021-07-28 02:51:54
340,Saint-Denis,48.9167,2.3333,63.16,94,0,5.75,FR,2021-07-28 02:51:54
341,Westport,41.1415,-73.3579,78.84,80,90,4.0,US,2021-07-28 02:51:54
342,Itarema,-2.9248,-39.9167,77.61,83,15,14.32,BR,2021-07-28 02:51:54
343,Gladstone,-23.85,151.25,75.13,50,40,5.75,AU,2021-07-28 02:51:55
344,Andra,62.5147,65.8878,49.89,65,38,6.22,RU,2021-07-28 02:51:55
345,Beringovskiy,63.05,179.3167,48.49,87,100,19.35,RU,2021-07-28 02:51:55
346,Swedru,5.5371,-0.6998,72.3,91,100,4.61,GH,2021-07-28 02:51:55
347,Nagutskoye,44.4415,42.8762,59.22,95,100,3.29,RU,2021-07-28 02:51:56
348,Iquitos,-3.7481,-73.2472,73.44,94,20,3.44,PE,2021-07-28 02:51:56
349,Loikaw,19.6742,97.2094,74.97,84,88,5.1,MM,2021-07-28 02:51:56
350,Tessalit,20.1986,1.0114,85.42,46,67,10.18,ML,2021-07-28 02:51:56
351,Yavaros,26.7,-109.5167,91.45,64,10,11.16,MX,2021-07-28 02:51:57
352,Shubarkuduk,49.1447,56.4872,71.53,33,100,11.92,KZ,2021-07-28 02:51:57
353,Thai Binh,20.45,106.3333,87.8,72,100,6.42,VN,2021-07-28 02:51:57
354,Necochea,-38.5473,-58.7368,43.03,68,100,22.48,AR,2021-07-28 02:51:57
355,Mindelo,16.8901,-24.9804,76.55,69,40,16.11,CV,2021-07-28 02:51:57
356,Tairua,-37.0167,175.85,62.1,66,8,11.5,NZ,2021-07-28 02:51:58
357,At-Bashi,41.1702,75.8106,72.48,46,71,2.57,KG,2021-07-28 02:51:58
358,Virginia Beach,36.8529,-75.978,82.47,83,75,8.05,US,2021-07-28 02:50:33
359,Majene,-3.5403,118.9707,83.61,67,88,8.77,ID,2021-07-28 02:51:58
360,Vao,-22.6667,167.4833,68.31,62,32,15.64,NC,2021-07-28 02:51:58
361,Inta,66.0317,60.1659,43.29,97,100,3.76,RU,2021-07-28 02:51:59
362,Reconquista,-29.15,-59.65,43.25,40,0,6.31,AR,2021-07-28 02:50:12
363,Moose Factory,51.2585,-80.6094,59.0,77,1,6.91,CA,2021-07-28 02:51:59
364,Katsuura,35.1333,140.3,86.14,76,100,19.1,JP,2021-07-28 02:50:25
365,Vallenar,-28.5708,-70.7581,54.57,50,0,3.98,CL,2021-07-28 02:51:59
366,Akyab,20.15,92.9,80.1,91,100,15.68,MM,2021-07-28 02:51:59
367,Okha,53.5739,142.9478,70.56,85,100,0.92,RU,2021-07-28 02:52:00
368,Baykit,61.67,96.37,71.94,73,100,4.88,RU,2021-07-28 02:52:00
369,Nyrob,60.733,56.7202,43.68,96,97,6.71,RU,2021-07-28 02:52:00
370,Concordia,-31.393,-58.0209,39.78,77,23,3.0,AR,2021-07-28 02:52:00
371,Arlit,18.7369,7.3853,83.3,54,61,6.02,NE,2021-07-28 02:52:01
372,Ardakan,32.31,54.0175,84.58,14,0,11.32,IR,2021-07-28 02:52:01
373,Chokwe,-24.5333,32.9833,55.92,85,0,4.43,MZ,2021-07-28 02:52:01
374,Cuenca,-2.8833,-78.9833,54.59,92,87,3.2,EC,2021-07-28 02:52:01
375,Carnarvon,-24.8667,113.6333,66.27,54,90,8.05,AU,2021-07-28 02:52:02
376,Vila Velha,-20.3297,-40.2925,73.35,78,0,10.36,BR,2021-07-28 02:52:02
377,Balkhash,46.844,74.9804,70.41,30,0,17.9,KZ,2021-07-28 02:52:02
378,Nayoro,44.3506,142.4578,93.25,37,3,1.57,JP,2021-07-28 02:52:02
379,Crotone,39.0851,17.1178,79.93,61,0,4.81,IT,2021-07-28 02:52:03
380,Adre,13.4667,22.2,71.55,87,100,3.67,TD,2021-07-28 02:52:03
381,West Wendover,40.7391,-114.0733,90.61,25,1,10.36,US,2021-07-28 02:47:05
382,Wajima,37.4,136.9,83.08,69,75,5.75,JP,2021-07-28 02:52:03
383,Roebourne,-20.7833,117.1333,77.72,49,7,4.81,AU,2021-07-28 02:52:04
384,Olafsvik,64.8945,-23.7142,50.97,89,97,14.14,IS,2021-07-28 02:52:04
385,Pochutla,15.7432,-96.4661,79.83,91,96,3.69,MX,2021-07-28 02:52:04
386,Tripoli,32.8752,13.1875,75.81,72,0,11.99,LY,2021-07-28 02:52:04
387,Angoche,-16.2325,39.9086,66.15,85,19,6.17,MZ,2021-07-28 02:52:05
388,Mokrousovo,55.8103,66.7653,59.38,76,87,9.35,RU,2021-07-28 02:52:05
389,Lorengau,-2.0226,147.2712,84.58,72,5,6.29,PG,2021-07-28 02:52:05
390,Sivaki,52.6333,126.75,69.98,94,99,2.82,RU,2021-07-28 02:52:05
391,Ust-Maya,60.4167,134.5333,76.32,38,15,7.29,RU,2021-07-28 02:52:05
392,Xiaoweizhai,26.1903,107.5125,81.73,76,1,2.51,CN,2021-07-28 02:52:06
393,Sibolga,1.7427,98.7792,84.42,67,59,3.0,ID,2021-07-28 02:52:06
394,Moses Lake,47.1301,-119.2781,81.28,18,99,8.52,US,2021-07-28 02:52:06
395,Finschhafen,-6.6024,147.8681,83.73,72,83,11.34,PG,2021-07-28 02:52:06
396,Oussouye,12.485,-16.5469,78.98,80,100,7.45,SN,2021-07-28 02:52:07
397,Chililabombwe,-12.3648,27.8229,48.4,56,94,6.29,ZM,2021-07-28 02:52:07
398,Narsaq,60.9167,-46.05,46.76,73,100,3.94,GL,2021-07-28 02:52:07
399,Manggar,-2.8833,108.2667,83.52,72,100,13.22,ID,2021-07-28 02:52:07
400,Tarauaca,-8.1614,-70.7656,75.33,73,44,2.28,BR,2021-07-28 02:52:08
401,Ola,59.5833,151.2833,57.33,69,100,1.36,RU,2021-07-28 02:52:08
402,Mogadishu,2.0371,45.3438,76.39,82,88,20.04,SO,2021-07-28 02:52:08
403,Offa,8.15,4.7167,72.39,96,100,5.61,NG,2021-07-28 02:52:08
404,Acarau,-2.8856,-40.12,77.43,84,16,14.56,BR,2021-07-28 02:52:09
405,Medina,24.4686,39.6142,100.83,13,20,4.61,SA,2021-07-28 02:52:09
406,Ust-Nera,64.5667,143.2,51.6,77,100,10.54,RU,2021-07-28 02:52:09
407,Parobe,-29.6286,-50.8347,44.78,60,0,7.11,BR,2021-07-28 02:52:09
408,Cabanas,22.9758,-82.9219,77.47,79,61,6.82,CU,2021-07-28 02:52:10
409,Palu,-0.8917,119.8707,91.24,52,73,1.3,ID,2021-07-28 02:52:10
410,Gornopravdinsk,60.05,69.9,53.46,73,5,5.57,RU,2021-07-28 02:52:10
411,Ayorou,14.7308,0.9174,81.81,67,100,7.78,NE,2021-07-28 02:52:10
412,Tubuala,9.5167,-79.0333,79.34,80,92,4.94,PA,2021-07-28 02:52:10
413,College,64.8569,-147.8028,60.75,89,90,4.61,US,2021-07-28 02:52:11
414,Kaeo,-35.1,173.7833,65.32,68,98,7.18,NZ,2021-07-28 02:52:11
415,Roma,43.2128,-75.4557,66.65,93,90,4.61,US,2021-07-28 02:52:11
416,Bahar,34.9072,48.4414,75.78,25,1,5.64,IR,2021-07-28 02:52:11
417,Hibbing,47.4272,-92.9377,70.95,83,1,3.44,US,2021-07-28 02:52:12
418,Atar,20.5169,-13.0499,86.11,31,18,3.53,MR,2021-07-28 02:52:12
419,Suluq,31.6682,20.2521,78.04,34,0,7.31,LY,2021-07-28 02:52:12
420,Oliver,49.1831,-119.5524,86.94,28,80,4.61,CA,2021-07-28 02:52:12
421,Carballo,43.213,-8.691,64.09,91,66,4.47,ES,2021-07-28 02:52:13
422,Touros,-5.1989,-35.4608,74.3,89,13,10.78,BR,2021-07-28 02:52:13
423,Esmeraldas,-19.7625,-44.3139,63.46,42,8,2.75,BR,2021-07-28 02:52:13
424,Port Hedland,-20.3167,118.5667,80.65,57,26,5.75,AU,2021-07-28 02:52:13
425,Chongwe,-15.3292,28.682,47.28,77,18,5.14,ZM,2021-07-28 02:52:13
426,Jining,35.405,116.5814,72.0,94,100,18.25,CN,2021-07-28 02:52:14
427,Alta Floresta,-9.8756,-56.0861,72.03,44,3,3.29,BR,2021-07-28 02:52:14
428,Roald,62.5833,6.1333,67.15,94,90,1.14,NO,2021-07-28 02:52:14
429,Sinop,41.7711,34.8709,62.26,91,0,3.58,TR,2021-07-28 02:52:14
430,Guerrero Negro,27.9769,-114.0611,70.16,82,0,16.24,MX,2021-07-28 02:52:15
431,Sao Lourenco Do Sul,-31.3653,-51.9783,39.88,61,0,14.58,BR,2021-07-28 02:52:15
432,Sorland,67.667,12.6934,55.63,88,8,10.27,NO,2021-07-28 02:52:15
433,Kintinku,-5.8833,35.2333,59.31,57,5,2.59,TZ,2021-07-28 02:52:15
434,Hirara,24.8,125.2833,85.86,89,75,9.22,JP,2021-07-28 02:52:16
435,Genhe,50.7833,121.5167,67.68,78,98,7.43,CN,2021-07-28 02:52:16
436,Xining,36.6167,101.7667,65.73,47,41,3.33,CN,2021-07-28 02:52:16
437,Dhidhdhoo,6.8833,73.1,82.0,77,58,15.26,MV,2021-07-28 02:52:16
438,Samarai,-10.6167,150.6667,79.39,86,86,14.23,PG,2021-07-28 02:52:17
439,Gravdal,68.1214,13.5031,57.24,81,1,8.34,NO,2021-07-28 02:52:17
440,Sobolevo,54.4299,31.8996,62.71,97,100,7.74,RU,2021-07-28 02:52:17
441,Luton,51.8797,-0.4175,62.44,93,90,10.36,GB,2021-07-28 02:52:17
442,Bandarbeyla,9.4942,50.8122,79.11,54,46,26.31,SO,2021-07-28 02:52:18
443,Anqing,30.5092,117.0506,82.08,86,98,14.92,CN,2021-07-28 02:52:18
444,Marratxi,39.6421,2.7539,72.72,69,0,1.99,ES,2021-07-28 02:52:18
445,Valparaiso,-33.0393,-71.6273,52.48,75,0,4.61,CL,2021-07-28 02:51:43
446,Los Llanos De Aridane,28.6585,-17.9182,69.55,84,90,16.11,ES,2021-07-28 02:52:18
447,Terrace Bay,48.7834,-87.1,62.22,78,11,3.53,CA,2021-07-28 02:52:19
448,Evensk,61.95,159.2333,61.07,46,76,18.01,RU,2021-07-28 02:52:19
449,Liverpool,53.4106,-2.9779,61.61,79,75,3.0,GB,2021-07-28 02:48:50
450,Hargeysa,9.56,44.065,65.57,70,100,28.88,SO,2021-07-28 02:52:19
451,Bubaque,11.2833,-15.8333,79.97,82,100,10.04,GW,2021-07-28 02:52:19
452,Parabel,58.6978,81.4825,66.52,54,46,8.77,RU,2021-07-28 02:52:20
453,Isangel,-19.55,169.2667,74.55,57,2,14.52,VU,2021-07-28 02:52:20
454,Caucaia,-3.7361,-38.6531,80.04,78,20,10.36,BR,2021-07-28 02:47:21
455,Nanning,22.8167,108.3167,84.65,72,99,5.46,CN,2021-07-28 02:50:52
456,Jutai,-5.1833,-68.9,77.7,78,92,2.15,BR,2021-07-28 02:52:20
457,Rorvik,64.8621,11.2373,62.47,67,100,9.42,NO,2021-07-28 02:52:20
458,Xuddur,4.1213,43.8894,70.5,74,100,16.22,SO,2021-07-28 02:52:21
459,Yining,29.0361,114.5636,87.19,65,66,6.58,CN,2021-07-28 02:52:21
460,Riohacha,11.5444,-72.9072,80.38,79,36,10.36,CO,2021-07-28 02:52:21
461,Santander,43.4647,-3.8044,64.31,95,90,4.0,ES,2021-07-28 02:52:21
462,Norden,53.6,7.2,62.58,94,100,13.42,DE,2021-07-28 02:52:22
463,Brainerd,46.358,-94.2008,79.05,73,1,0.0,US,2021-07-28 02:52:22
464,Haifa,32.8156,34.9892,79.74,75,0,4.03,IL,2021-07-28 02:52:22
465,Saldanha,-33.0117,17.9442,53.65,65,100,5.46,ZA,2021-07-28 02:52:22
466,Nyurba,63.2842,118.3319,81.25,44,12,5.17,RU,2021-07-28 02:52:22
467,Turbat,26.0023,63.044,84.45,73,100,6.98,PK,2021-07-28 02:52:23
468,Kaitangata,-46.2817,169.8464,55.92,51,68,1.03,NZ,2021-07-28 02:52:23
469,Okhtyrka,50.3104,34.8988,66.85,56,67,6.87,UA,2021-07-28 02:52:23
470,Vestmannaeyjar,63.4427,-20.2734,53.13,84,33,2.91,IS,2021-07-28 02:52:23
471,Hami,42.8,93.45,96.26,12,13,11.36,CN,2021-07-28 02:52:24
472,La Reforma,25.0833,-108.05,90.14,74,10,5.91,MX,2021-07-28 02:52:24
473,Manjacaze,-24.7117,33.8828,54.93,85,0,5.3,MZ,2021-07-28 02:52:24
474,Coihaique,-45.5752,-72.0662,33.75,86,0,2.3,CL,2021-07-28 02:52:24
475,Port Macquarie,-31.4333,152.9167,77.9,39,2,9.75,AU,2021-07-28 02:52:25
476,Langsa,4.4683,97.9683,87.26,63,85,3.8,ID,2021-07-28 02:52:25
477,Sinazongwe,-17.2614,27.4618,55.22,70,0,4.97,ZM,2021-07-28 02:52:25
478,Pyapon,16.2833,95.6833,85.14,75,99,15.23,MM,2021-07-28 02:52:25
479,Bontang,0.1333,117.5,85.42,66,78,7.92,ID,2021-07-28 02:52:26
480,Itupiranga,-5.1347,-49.3267,76.44,48,46,2.71,BR,2021-07-28 02:52:26
481,Paamiut,61.994,-49.6678,44.28,82,71,14.05,GL,2021-07-28 02:52:26
482,Havre-Saint-Pierre,50.2334,-63.5986,55.76,100,40,5.75,CA,2021-07-28 02:52:26
483,Grants Pass,42.439,-123.3284,79.48,60,75,4.61,US,2021-07-28 02:47:27
484,Jamame,0.0722,42.7506,75.15,80,90,12.84,SO,2021-07-28 02:52:27
485,Aktanysh,55.7216,54.0829,55.02,62,0,6.62,RU,2021-07-28 02:52:27
486,Thompson,55.7435,-97.8558,68.16,60,75,4.61,CA,2021-07-28 02:52:27
487,Borogontsy,62.6683,131.1683,72.82,34,9,5.64,RU,2021-07-28 02:52:27
488,Abu Dhabi,24.4667,54.3667,93.22,55,89,3.44,AE,2021-07-28 02:52:24
489,Waynesboro,38.0685,-78.8895,78.19,83,90,12.66,US,2021-07-28 02:50:25
490,Cayenne,4.9333,-52.3333,82.09,82,10,3.0,GF,2021-07-28 02:52:28
491,Koutsouras,35.0339,25.9469,79.54,55,0,14.03,GR,2021-07-28 02:52:28
492,Pajarito,5.2929,-72.7028,66.15,96,79,4.7,CO,2021-07-28 02:52:28
493,Vidim,56.4088,103.1106,84.65,33,0,2.44,RU,2021-07-28 02:52:28
494,Umm Lajj,25.0213,37.2685,86.29,70,73,9.17,SA,2021-07-28 02:52:29
495,Aksarayskiy,46.7924,48.0119,67.95,54,100,9.57,RU,2021-07-28 02:52:29
496,Buraydah,26.326,43.975,91.85,18,20,9.93,SA,2021-07-28 02:52:29
497,Celestun,20.8667,-90.4,80.76,82,34,9.46,MX,2021-07-28 02:52:29
498,Kaniama,-7.5667,24.1833,59.36,44,38,4.63,CD,2021-07-28 02:52:30
499,Bac Lieu,9.285,105.7244,87.78,63,32,14.76,VN,2021-07-28 02:52:30
500,Mandalgovi,45.7625,106.2708,72.3,46,49,5.82,MN,2021-07-28 02:52:30
501,Balsta,59.5671,17.5278,67.93,98,100,3.71,SE,2021-07-28 02:52:30
502,Hanyang,32.1371,105.5126,81.72,58,3,4.94,CN,2021-07-28 02:52:30
503,Playas,-2.6333,-80.3833,71.69,87,81,10.18,EC,2021-07-28 02:52:31
504,Pelym,61.0108,61.9978,50.99,61,63,8.14,RU,2021-07-28 02:52:31
505,Kerewan,13.4898,-16.0888,78.91,79,66,8.01,GM,2021-07-28 02:52:31
506,Narok,-1.0783,35.8601,56.64,82,100,5.12,KE,2021-07-28 02:52:32
507,Indianola,41.3581,-93.5574,84.0,81,1,8.25,US,2021-07-28 02:52:32
508,Bonnyville,54.2668,-110.735,75.0,35,0,8.03,CA,2021-07-28 02:52:32
509,Blagoyevo,63.3667,47.9167,47.19,74,78,7.4,RU,2021-07-28 02:52:32
510,Zhangjiakou,40.81,114.8794,78.75,64,100,7.61,CN,2021-07-28 02:52:33
511,Antalaha,-14.9003,50.2788,64.33,90,11,7.65,MG,2021-07-28 02:52:33
512,Tuatapere,-46.1333,167.6833,52.83,65,54,0.92,NZ,2021-07-28 02:52:33
513,Lovington,32.944,-103.3485,86.65,40,32,8.1,US,2021-07-28 02:52:33
514,Broken Hill,-31.95,141.4333,62.31,59,0,21.85,AU,2021-07-28 02:52:33
515,Taltal,-25.4,-70.4833,55.8,77,3,2.68,CL,2021-07-28 02:52:34
516,Constitucion,-35.3333,-72.4167,44.65,78,0,7.23,CL,2021-07-28 02:52:34
517,Sungaipenuh,-2.0833,101.3833,77.2,58,82,2.33,ID,2021-07-28 02:52:34
518,Bitburg,49.9667,6.5333,60.04,77,90,6.91,DE,2021-07-28 02:52:34
519,Borazjan,29.2666,51.2159,88.93,18,5,5.26,IR,2021-07-28 02:52:35
520,Bambanglipuro,-7.95,110.2833,82.36,65,47,10.83,ID,2021-07-28 02:52:35
521,Falun,60.6036,15.626,63.01,94,100,1.5,SE,2021-07-28 02:52:35
522,Bihoro,43.8228,144.1044,93.22,46,20,13.8,JP,2021-07-28 02:52:35
523,La Ronge,55.1001,-105.2842,64.65,68,40,10.36,CA,2021-07-28 02:52:36
524,Banepa,27.6298,85.5214,71.92,88,75,2.3,NP,2021-07-28 02:52:36
525,Chicama,-7.8447,-79.1469,66.81,85,84,6.69,PE,2021-07-28 02:52:36
526,Bilibino,68.0546,166.4372,43.27,78,100,1.07,RU,2021-07-28 02:52:36
527,Witbank,-25.8713,29.2332,37.17,54,0,3.04,ZA,2021-07-28 02:52:37
528,Pong,19.1493,100.2752,79.59,90,100,3.58,TH,2021-07-28 02:52:37
529,Berdsk,54.7551,83.0967,65.03,68,99,1.05,RU,2021-07-28 02:52:37
530,Makakilo City,21.3469,-158.0858,82.72,60,1,13.8,US,2021-07-28 02:52:37
531,Bonthe,7.5264,-12.505,76.57,85,100,9.62,SL,2021-07-28 02:52:38
532,Houma,29.5958,-90.7195,87.8,82,3,1.99,US,2021-07-28 02:51:36
533,Shieli,44.1667,66.75,82.63,19,1,11.34,KZ,2021-07-28 02:52:38
534,Jidong,45.2167,131.0833,100.83,30,86,3.44,CN,2021-07-28 02:52:38
535,Ipixuna,-1.7625,-48.8043,78.75,93,31,4.61,BR,2021-07-28 02:52:38
536,Muros,42.7762,-9.0603,64.99,83,17,8.48,ES,2021-07-28 02:52:39
537,Moose Jaw,50.4001,-105.5344,86.25,19,96,10.36,CA,2021-07-28 02:52:39
538,Carnot,4.9409,15.8665,68.99,96,100,0.27,CF,2021-07-28 02:52:39
539,Labytnangi,66.6572,66.4183,46.89,96,100,14.41,RU,2021-07-28 02:52:39
540,Bonavista,48.6499,-53.1147,64.4,98,100,15.37,CA,2021-07-28 02:52:39
541,Kaliua,-5.0606,31.7936,57.92,49,9,5.55,TZ,2021-07-28 02:52:40
542,Sumbe,-11.2061,13.8437,69.15,89,25,5.95,AO,2021-07-28 02:52:40
543,Valdivia,-39.8142,-73.2459,38.46,97,4,3.11,CL,2021-07-28 02:48:35
544,Vardo,70.3705,31.1107,46.6,86,97,13.94,NO,2021-07-28 02:52:40
545,Corinto,37.9407,22.9573,84.49,45,0,3.8,GR,2021-07-28 02:52:40
546,Swan Hill,-35.3378,143.5544,61.74,41,6,23.24,AU,2021-07-28 02:52:41
547,Podporozhye,60.9112,34.1706,59.13,93,43,3.58,RU,2021-07-28 02:52:41
548,Caravelas,-17.7125,-39.2481,70.63,89,2,6.02,BR,2021-07-28 02:52:41
549,Skjervoy,70.0311,20.9714,49.24,91,80,3.83,NO,2021-07-28 02:52:41
550,Nogliki,51.8333,143.1667,68.02,90,100,3.98,RU,2021-07-28 02:47:52
551,Lagos,6.5833,3.75,75.52,84,100,6.35,NG,2021-07-28 02:52:27
552,Rawson,-43.3002,-65.1023,41.25,67,23,11.23,AR,2021-07-28 02:52:42
553,Severobaykalsk,55.65,109.3167,62.37,63,81,2.48,RU,2021-07-28 02:52:42
554,Barcelos,41.5388,-8.6151,63.84,89,1,4.45,PT,2021-07-28 02:52:42
555,Cardston,49.2,-113.3019,75.06,60,81,2.3,CA,2021-07-28 02:52:43
556,Bathurst,-33.4166,149.5806,59.97,55,80,1.99,AU,2021-07-28 02:52:43
557,Itimadpur,27.25,78.2,80.67,84,100,7.99,IN,2021-07-28 02:52:43
558,Mugur-Aksy,50.35,90.5,57.38,61,17,4.18,RU,2021-07-28 02:52:43
559,Rabo De Peixe,37.8,-25.5833,67.51,83,40,10.36,PT,2021-07-28 02:52:43
560,Salekhard,66.53,66.6019,46.51,96,100,13.18,RU,2021-07-28 02:48:40
561,Markova,48.6758,24.4138,65.98,74,44,5.41,UA,2021-07-28 02:52:44
562,Poum,-20.2333,164.0167,72.55,59,5,14.52,NC,2021-07-28 02:52:44
563,Jeremie,18.65,-74.1167,81.41,85,81,3.24,HT,2021-07-28 02:52:44
